{
  "static": {
    "avg_inference_ms": 37.45254039764404,
    "fps": 26.70045848379634
  },
  "motion": {
    "avg_inference_ms": 34.02362823486328,
    "fps": 29.3913392509774
  }
}